<?xml version="1.0" encoding="utf-8"?>
<resources>
    <string-array name="which_campus">
        <item>제 1캠퍼스</item>
        <item>제 2캠퍼스</item>
        <item>기타</item>
    </string-array>

    <string-array name="campus1_arc">
        <item>순헌관</item>
        <item>수련교수회관</item>
        <item>행파교수회관</item>
        <item>진리관</item>
        <item>명신관</item>
        <item>새힘관</item>
        <item>행정관</item>
        <item>학생회관</item>
        <item>창업보육센터</item>
        <item>원형극장</item>
        <item>명재관</item>
    </string-array>

    <string-array name="campus2_arc">
        <item>르네상스 플라자</item>
        <item>음악대학</item>
        <item>사회교육관</item>
        <item>약학대학</item>
        <item>미술대학</item>
        <item>백주념기념관</item>
        <item>중앙도서관</item>
        <item>과학관</item>
        <item>다목적관</item>
        <item>프라임관</item>
        <item>눈꽃광장홀</item>
        <item>눈꽃광장</item>
        <item>창학B</item>
        <item>새빛관</item>
        <item>기타</item>
    </string-array>

    <string-array name="etc">
        <item>기타</item>
    </string-array>

    <string-array name="category">
        <item>이어폰/헤드셋</item>
        <item>충전기/케이블</item>
        <item>기타 전자기기</item>
        <item>지갑</item>
        <item>학생증/신분증</item>
        <item>신용카드</item>
        <item>의류/가방</item>
        <item>기타 액세서리</item>
        <item>문구류</item>
        <item>서적/교재</item>
        <item>텀블러/물병</item>
        <item>그외 기타</item>
    </string-array>

</resources>