<?xml version="1.0" encoding="utf-8"?>
<resources>
<!--    <style name="AppTheme" parent="Theme.AppCompat.Light.DarkActionBar">-->
<!--    &lt;!&ndash; Customize your theme here. &ndash;&gt;-->
<!--    <item name="colorPrimary">#B0E0E6</item>-->
<!--    <item name="colorPrimaryDark">#FFFFFF</item>-->
<!--    <item name="colorAccent">#000000</item>-->

<!--    <style name="NoBackgroundImageButtonStyle" parent="Widget.AppCompat.Button.Borderless">-->
<!--        <item name="android:background">@android:color/transparent</item>-->
<!--    </style>-->

</resources>