<resources xmlns:tools="http://schemas.android.com/tools">
    <!-- Base application theme. -->
    <style name="Base.Theme.MP_team5Project" parent="Theme.MaterialComponents.DayNight.DarkActionBar">
        <!-- Customize your light theme here. -->
         <item name="colorPrimary">#274291</item>
<!--        <item name="android:windowFullscreen">true</item>-->
        <item name="windowActionBar">false</item>
        <item name="windowNoTitle">true</item>
    </style>

    <style name="Theme.MP_team5Project" parent="Base.Theme.MP_team5Project" />
</resources>